foto_id,auditoria_id,categoria_id,tipo
1,1,,control_inicio
2,1,,control_fin
3,1,3.0,categoria
4,1,5.0,categoria
5,1,15.0,categoria
6,1,10.0,categoria
7,1,11.0,categoria
8,1,9.0,categoria
9,2,,control_inicio
10,2,,control_fin
11,2,3.0,categoria
12,2,14.0,categoria
13,2,13.0,categoria
14,2,4.0,categoria
15,3,,control_inicio
16,3,,control_fin
17,3,5.0,categoria
18,3,9.0,categoria
19,3,15.0,categoria
20,3,12.0,categoria
21,4,,control_inicio
22,4,,control_fin
23,5,,control_inicio
24,5,,control_fin
25,5,4.0,categoria
26,5,11.0,categoria
27,5,6.0,categoria
28,5,14.0,categoria
29,5,1.0,categoria
30,5,3.0,categoria
31,6,,control_inicio
32,6,,control_fin
33,7,,control_inicio
34,7,,control_fin
35,7,5.0,categoria
36,7,4.0,categoria
37,7,12.0,categoria
38,7,6.0,categoria
39,7,14.0,categoria
40,7,13.0,categoria
41,7,3.0,categoria
42,8,,control_inicio
43,8,,control_fin
44,8,4.0,categoria
45,8,15.0,categoria
46,9,,control_inicio
47,9,,control_fin
48,9,11.0,categoria
49,9,12.0,categoria
50,10,,control_inicio
51,10,,control_fin
52,10,11.0,categoria
53,10,8.0,categoria
54,10,7.0,categoria
55,10,10.0,categoria
56,10,12.0,categoria
57,11,,control_inicio
58,11,,control_fin
59,11,6.0,categoria
60,11,14.0,categoria
61,11,3.0,categoria
62,11,10.0,categoria
63,11,5.0,categoria
64,11,12.0,categoria
65,11,13.0,categoria
66,12,,control_inicio
67,12,,control_fin
68,12,7.0,categoria
69,12,12.0,categoria
70,12,10.0,categoria
71,12,8.0,categoria
72,12,11.0,categoria
73,13,,control_inicio
74,13,,control_fin
75,13,9.0,categoria
76,13,13.0,categoria
77,14,,control_inicio
78,14,,control_fin
79,15,,control_inicio
80,15,,control_fin
81,15,8.0,categoria
82,15,15.0,categoria
83,15,4.0,categoria
84,15,5.0,categoria
85,15,6.0,categoria
86,16,,control_inicio
87,16,,control_fin
88,16,12.0,categoria
89,16,3.0,categoria
90,16,1.0,categoria
91,16,9.0,categoria
92,17,,control_inicio
93,17,,control_fin
94,17,1.0,categoria
95,17,6.0,categoria
96,18,,control_inicio
97,18,,control_fin
98,18,8.0,categoria
99,18,4.0,categoria
100,18,15.0,categoria
101,18,6.0,categoria
102,18,5.0,categoria
103,19,,control_inicio
104,19,,control_fin
105,19,15.0,categoria
106,19,10.0,categoria
107,19,13.0,categoria
108,19,2.0,categoria
109,20,,control_inicio
110,20,,control_fin
111,20,11.0,categoria
112,21,,control_inicio
113,21,,control_fin
114,21,7.0,categoria
115,21,13.0,categoria
116,21,6.0,categoria
117,21,9.0,categoria
118,21,5.0,categoria
119,21,2.0,categoria
120,21,11.0,categoria
121,22,,control_inicio
122,22,,control_fin
123,22,1.0,categoria
124,22,8.0,categoria
125,22,7.0,categoria
126,22,5.0,categoria
127,22,15.0,categoria
128,22,6.0,categoria
129,23,,control_inicio
130,23,,control_fin
131,23,14.0,categoria
132,23,4.0,categoria
133,24,,control_inicio
134,24,,control_fin
135,24,11.0,categoria
136,24,7.0,categoria
137,24,12.0,categoria
138,24,3.0,categoria
139,25,,control_inicio
140,25,,control_fin
141,25,8.0,categoria
142,25,5.0,categoria
143,25,15.0,categoria
144,25,4.0,categoria
145,25,6.0,categoria
146,26,,control_inicio
147,26,,control_fin
148,26,2.0,categoria
149,26,10.0,categoria
150,26,15.0,categoria
151,26,13.0,categoria
152,27,,control_inicio
153,27,,control_fin
154,27,15.0,categoria
155,27,5.0,categoria
156,27,9.0,categoria
157,27,12.0,categoria
158,28,,control_inicio
159,28,,control_fin
160,28,4.0,categoria
161,28,15.0,categoria
162,29,,control_inicio
163,29,,control_fin
164,29,8.0,categoria
165,29,14.0,categoria
166,29,15.0,categoria
167,30,,control_inicio
168,30,,control_fin
169,30,15.0,categoria
170,30,9.0,categoria
171,30,13.0,categoria
172,30,3.0,categoria
173,30,1.0,categoria
174,30,7.0,categoria
175,30,4.0,categoria
176,31,,control_inicio
177,31,,control_fin
178,31,14.0,categoria
179,31,3.0,categoria
180,31,13.0,categoria
181,31,4.0,categoria
182,32,,control_inicio
183,32,,control_fin
184,32,9.0,categoria
185,32,11.0,categoria
186,32,2.0,categoria
187,32,7.0,categoria
188,32,13.0,categoria
189,33,,control_inicio
190,33,,control_fin
191,33,7.0,categoria
192,33,13.0,categoria
193,33,2.0,categoria
194,33,11.0,categoria
195,33,9.0,categoria
196,34,,control_inicio
197,34,,control_fin
198,34,2.0,categoria
199,34,5.0,categoria
200,35,,control_inicio
201,35,,control_fin
202,35,11.0,categoria
203,35,12.0,categoria
204,35,7.0,categoria
205,35,10.0,categoria
206,35,8.0,categoria
207,36,,control_inicio
208,36,,control_fin
209,36,11.0,categoria
210,36,12.0,categoria
211,37,,control_inicio
212,37,,control_fin
213,37,7.0,categoria
214,37,11.0,categoria
215,37,9.0,categoria
216,37,13.0,categoria
217,37,2.0,categoria
218,38,,control_inicio
219,38,,control_fin
220,38,11.0,categoria
221,38,2.0,categoria
222,38,7.0,categoria
223,38,9.0,categoria
224,38,13.0,categoria
225,39,,control_inicio
226,39,,control_fin
227,39,10.0,categoria
228,39,5.0,categoria
229,39,12.0,categoria
230,39,13.0,categoria
231,39,6.0,categoria
232,39,3.0,categoria
233,39,14.0,categoria
234,40,,control_inicio
235,40,,control_fin
236,40,5.0,categoria
237,40,2.0,categoria
238,41,,control_inicio
239,41,,control_fin
240,41,6.0,categoria
241,41,1.0,categoria
242,42,,control_inicio
243,42,,control_fin
244,42,1.0,categoria
245,42,3.0,categoria
246,42,6.0,categoria
247,42,14.0,categoria
248,42,4.0,categoria
249,42,11.0,categoria
250,43,,control_inicio
251,43,,control_fin
252,43,2.0,categoria
253,43,11.0,categoria
254,43,7.0,categoria
255,43,9.0,categoria
256,43,13.0,categoria
257,44,,control_inicio
258,44,,control_fin
259,44,15.0,categoria
260,44,14.0,categoria
261,44,13.0,categoria
262,44,11.0,categoria
263,44,10.0,categoria
264,44,8.0,categoria
265,45,,control_inicio
266,45,,control_fin
267,45,6.0,categoria
268,45,1.0,categoria
269,45,15.0,categoria
270,45,8.0,categoria
271,45,7.0,categoria
272,45,5.0,categoria
273,46,,control_inicio
274,46,,control_fin
275,46,13.0,categoria
276,46,9.0,categoria
277,46,7.0,categoria
278,46,4.0,categoria
279,46,1.0,categoria
280,46,3.0,categoria
281,46,15.0,categoria
282,47,,control_inicio
283,47,,control_fin
284,47,11.0,categoria
285,47,13.0,categoria
286,47,5.0,categoria
287,47,2.0,categoria
288,47,6.0,categoria
289,47,9.0,categoria
290,47,7.0,categoria
291,48,,control_inicio
292,48,,control_fin
293,48,4.0,categoria
294,48,8.0,categoria
295,49,,control_inicio
296,49,,control_fin
297,49,10.0,categoria
298,49,2.0,categoria
299,49,11.0,categoria
300,50,,control_inicio
301,50,,control_fin
302,50,3.0,categoria
303,50,9.0,categoria
304,51,,control_inicio
305,51,,control_fin
306,51,10.0,categoria
307,51,15.0,categoria
308,51,5.0,categoria
309,51,3.0,categoria
310,51,9.0,categoria
311,51,11.0,categoria
312,52,,control_inicio
313,52,,control_fin
314,52,9.0,categoria
315,52,12.0,categoria
316,52,1.0,categoria
317,52,3.0,categoria
318,53,,control_inicio
319,53,,control_fin
320,53,7.0,categoria
321,53,3.0,categoria
322,53,11.0,categoria
323,53,12.0,categoria
324,54,,control_inicio
325,54,,control_fin
326,54,10.0,categoria
327,54,12.0,categoria
328,54,13.0,categoria
329,54,6.0,categoria
330,55,,control_inicio
331,55,,control_fin
332,55,4.0,categoria
333,55,15.0,categoria
334,56,,control_inicio
335,56,,control_fin
336,56,4.0,categoria
337,57,,control_inicio
338,57,,control_fin
339,57,9.0,categoria
340,58,,control_inicio
341,58,,control_fin
342,58,10.0,categoria
343,58,2.0,categoria
344,58,13.0,categoria
345,58,15.0,categoria
346,59,,control_inicio
347,59,,control_fin
348,59,6.0,categoria
349,59,3.0,categoria
350,60,,control_inicio
351,60,,control_fin
352,60,2.0,categoria
353,61,,control_inicio
354,61,,control_fin
355,61,6.0,categoria
356,61,3.0,categoria
357,61,14.0,categoria
358,61,1.0,categoria
359,61,4.0,categoria
360,61,11.0,categoria
361,62,,control_inicio
362,62,,control_fin
363,62,3.0,categoria
364,62,1.0,categoria
365,62,12.0,categoria
366,62,9.0,categoria
367,63,,control_inicio
368,63,,control_fin
369,63,6.0,categoria
370,63,3.0,categoria
371,63,11.0,categoria
372,63,14.0,categoria
373,63,4.0,categoria
374,63,1.0,categoria
375,64,,control_inicio
376,64,,control_fin
377,64,6.0,categoria
378,64,14.0,categoria
379,65,,control_inicio
380,65,,control_fin
381,65,1.0,categoria
382,65,12.0,categoria
383,65,9.0,categoria
384,65,3.0,categoria
385,66,,control_inicio
386,66,,control_fin
387,66,9.0,categoria
388,66,5.0,categoria
389,66,1.0,categoria
390,67,,control_inicio
391,67,,control_fin
392,67,14.0,categoria
393,67,4.0,categoria
394,68,,control_inicio
395,68,,control_fin
396,68,3.0,categoria
397,68,4.0,categoria
398,68,11.0,categoria
399,68,6.0,categoria
400,68,14.0,categoria
401,69,,control_inicio
402,69,,control_fin
403,69,9.0,categoria
404,69,5.0,categoria
405,69,15.0,categoria
406,69,12.0,categoria
407,70,,control_inicio
408,70,,control_fin
409,71,,control_inicio
410,71,,control_fin
411,71,15.0,categoria
412,71,12.0,categoria
413,71,9.0,categoria
414,71,5.0,categoria
415,72,,control_inicio
416,72,,control_fin
417,72,12.0,categoria
418,72,3.0,categoria
419,72,7.0,categoria
420,72,11.0,categoria
421,73,,control_inicio
422,73,,control_fin
423,73,15.0,categoria
424,73,1.0,categoria
425,73,5.0,categoria
426,73,6.0,categoria
427,73,8.0,categoria
428,73,7.0,categoria
429,74,,control_inicio
430,74,,control_fin
431,74,9.0,categoria
432,74,7.0,categoria
433,74,13.0,categoria
434,74,2.0,categoria
435,74,11.0,categoria
436,75,,control_inicio
437,75,,control_fin
438,75,9.0,categoria
439,75,10.0,categoria
440,75,12.0,categoria
441,76,,control_inicio
442,76,,control_fin
443,76,2.0,categoria
444,76,9.0,categoria
445,76,11.0,categoria
446,76,13.0,categoria
447,76,7.0,categoria
448,77,,control_inicio
449,77,,control_fin
450,77,8.0,categoria
451,77,6.0,categoria
452,77,4.0,categoria
453,77,5.0,categoria
454,77,15.0,categoria
455,78,,control_inicio
456,78,,control_fin
457,78,5.0,categoria
458,78,2.0,categoria
459,79,,control_inicio
460,79,,control_fin
461,79,5.0,categoria
462,79,3.0,categoria
463,80,,control_inicio
464,80,,control_fin
465,80,14.0,categoria
466,80,4.0,categoria
467,81,,control_inicio
468,81,,control_fin
469,81,4.0,categoria
470,81,8.0,categoria
471,82,,control_inicio
472,82,,control_fin
473,82,1.0,categoria
474,82,6.0,categoria
475,83,,control_inicio
476,83,,control_fin
477,83,6.0,categoria
478,83,8.0,categoria
479,83,4.0,categoria
480,83,15.0,categoria
481,83,5.0,categoria
482,84,,control_inicio
483,84,,control_fin
484,84,8.0,categoria
485,85,,control_inicio
486,85,,control_fin
487,85,14.0,categoria
488,85,1.0,categoria
489,85,4.0,categoria
490,85,11.0,categoria
491,85,3.0,categoria
492,85,6.0,categoria
493,86,,control_inicio
494,86,,control_fin
495,86,2.0,categoria
496,86,5.0,categoria
497,87,,control_inicio
498,87,,control_fin
499,87,11.0,categoria
500,87,7.0,categoria
501,87,2.0,categoria
502,87,13.0,categoria
503,87,9.0,categoria
504,88,,control_inicio
505,88,,control_fin
506,88,13.0,categoria
507,88,10.0,categoria
508,88,6.0,categoria
509,88,12.0,categoria
510,89,,control_inicio
511,89,,control_fin
512,89,3.0,categoria
513,89,15.0,categoria
514,89,13.0,categoria
515,89,7.0,categoria
516,89,1.0,categoria
517,89,9.0,categoria
518,89,4.0,categoria
519,90,,control_inicio
520,90,,control_fin
521,90,3.0,categoria
522,90,6.0,categoria
523,90,10.0,categoria
524,90,12.0,categoria
525,90,14.0,categoria
526,90,13.0,categoria
527,90,5.0,categoria
528,91,,control_inicio
529,91,,control_fin
530,91,13.0,categoria
531,91,14.0,categoria
532,91,5.0,categoria
533,91,6.0,categoria
534,91,3.0,categoria
535,91,12.0,categoria
536,91,4.0,categoria
537,92,,control_inicio
538,92,,control_fin
539,92,8.0,categoria
540,92,7.0,categoria
541,92,5.0,categoria
542,92,15.0,categoria
543,92,1.0,categoria
544,92,6.0,categoria
545,93,,control_inicio
546,93,,control_fin
547,93,3.0,categoria
548,93,5.0,categoria
549,93,12.0,categoria
550,93,10.0,categoria
551,93,13.0,categoria
552,93,6.0,categoria
553,93,14.0,categoria
554,94,,control_inicio
555,94,,control_fin
556,94,4.0,categoria
557,94,8.0,categoria
558,95,,control_inicio
559,95,,control_fin
560,95,11.0,categoria
561,95,6.0,categoria
562,95,3.0,categoria
563,95,14.0,categoria
564,96,,control_inicio
565,96,,control_fin
566,96,10.0,categoria
567,96,5.0,categoria
568,96,3.0,categoria
569,96,15.0,categoria
570,96,11.0,categoria
571,96,9.0,categoria
572,97,,control_inicio
573,97,,control_fin
574,97,9.0,categoria
575,97,5.0,categoria
576,97,1.0,categoria
577,98,,control_inicio
578,98,,control_fin
579,98,11.0,categoria
580,98,9.0,categoria
581,99,,control_inicio
582,99,,control_fin
583,99,5.0,categoria
584,99,1.0,categoria
585,99,9.0,categoria
586,100,,control_inicio
587,100,,control_fin
588,100,9.0,categoria
589,100,3.0,categoria
590,101,,control_inicio
591,101,,control_fin
592,101,1.0,categoria
593,101,7.0,categoria
594,101,5.0,categoria
595,101,15.0,categoria
596,101,8.0,categoria
597,101,6.0,categoria
598,102,,control_inicio
599,102,,control_fin
600,102,5.0,categoria
601,102,9.0,categoria
602,102,3.0,categoria
603,102,10.0,categoria
604,102,11.0,categoria
605,102,15.0,categoria
606,103,,control_inicio
607,103,,control_fin
608,103,1.0,categoria
609,103,5.0,categoria
610,103,9.0,categoria
611,104,,control_inicio
612,104,,control_fin
613,104,1.0,categoria
614,104,5.0,categoria
615,104,9.0,categoria
616,105,,control_inicio
617,105,,control_fin
618,105,11.0,categoria
619,105,9.0,categoria
620,106,,control_inicio
621,106,,control_fin
622,106,8.0,categoria
623,106,4.0,categoria
624,107,,control_inicio
625,107,,control_fin
626,107,14.0,categoria
627,107,4.0,categoria
628,108,,control_inicio
629,108,,control_fin
630,108,13.0,categoria
631,108,8.0,categoria
632,108,14.0,categoria
633,108,10.0,categoria
634,108,15.0,categoria
635,108,11.0,categoria
636,109,,control_inicio
637,109,,control_fin
638,109,3.0,categoria
639,109,5.0,categoria
640,109,10.0,categoria
641,109,9.0,categoria
642,109,11.0,categoria
643,109,15.0,categoria
644,110,,control_inicio
645,110,,control_fin
646,110,14.0,categoria
647,110,4.0,categoria
648,110,11.0,categoria
649,110,1.0,categoria
650,110,3.0,categoria
651,110,6.0,categoria
652,111,,control_inicio
653,111,,control_fin
654,111,11.0,categoria
655,111,12.0,categoria
656,111,10.0,categoria
657,111,7.0,categoria
658,111,8.0,categoria
659,112,,control_inicio
660,112,,control_fin
661,112,8.0,categoria
662,112,13.0,categoria
663,112,14.0,categoria
664,112,15.0,categoria
665,112,11.0,categoria
666,112,10.0,categoria
667,113,,control_inicio
668,113,,control_fin
669,113,13.0,categoria
670,113,4.0,categoria
671,113,1.0,categoria
672,113,7.0,categoria
673,113,3.0,categoria
674,113,9.0,categoria
675,113,15.0,categoria
676,114,,control_inicio
677,114,,control_fin
678,114,5.0,categoria
679,114,6.0,categoria
680,114,4.0,categoria
681,114,12.0,categoria
682,114,3.0,categoria
683,114,14.0,categoria
684,114,13.0,categoria
685,115,,control_inicio
686,115,,control_fin
687,115,9.0,categoria
688,115,15.0,categoria
689,115,12.0,categoria
690,115,5.0,categoria
691,116,,control_inicio
692,116,,control_fin
693,116,1.0,categoria
694,116,9.0,categoria
695,116,5.0,categoria
696,117,,control_inicio
697,117,,control_fin
698,117,12.0,categoria
699,117,15.0,categoria
700,117,5.0,categoria
701,117,9.0,categoria
702,118,,control_inicio
703,118,,control_fin
704,119,,control_inicio
705,119,,control_fin
706,119,7.0,categoria
707,120,,control_inicio
708,120,,control_fin
709,120,5.0,categoria
710,120,12.0,categoria
711,120,9.0,categoria
712,120,15.0,categoria
713,121,,control_inicio
714,121,,control_fin
715,121,3.0,categoria
716,121,12.0,categoria
717,121,14.0,categoria
718,121,6.0,categoria
719,121,5.0,categoria
720,121,10.0,categoria
721,121,13.0,categoria
722,122,,control_inicio
723,122,,control_fin
724,122,5.0,categoria
725,122,9.0,categoria
726,122,6.0,categoria
727,122,11.0,categoria
728,122,7.0,categoria
729,122,2.0,categoria
730,122,13.0,categoria
731,123,,control_inicio
732,123,,control_fin
733,123,15.0,categoria
734,123,3.0,categoria
735,123,5.0,categoria
736,123,9.0,categoria
737,123,10.0,categoria
738,123,11.0,categoria
739,124,,control_inicio
740,124,,control_fin
741,125,,control_inicio
742,125,,control_fin
743,125,5.0,categoria
744,125,6.0,categoria
745,125,8.0,categoria
746,126,,control_inicio
747,126,,control_fin
748,126,2.0,categoria
749,126,7.0,categoria
750,127,,control_inicio
751,127,,control_fin
752,127,5.0,categoria
753,127,11.0,categoria
754,127,15.0,categoria
755,127,9.0,categoria
756,127,3.0,categoria
757,127,10.0,categoria
758,128,,control_inicio
759,128,,control_fin
760,128,7.0,categoria
761,128,3.0,categoria
762,128,12.0,categoria
763,128,11.0,categoria
764,129,,control_inicio
765,129,,control_fin
766,129,11.0,categoria
767,129,12.0,categoria
768,130,,control_inicio
769,130,,control_fin
770,130,8.0,categoria
771,130,4.0,categoria
772,131,,control_inicio
773,131,,control_fin
774,131,9.0,categoria
775,132,,control_inicio
776,132,,control_fin
777,132,2.0,categoria
778,132,11.0,categoria
779,132,13.0,categoria
780,132,9.0,categoria
781,132,7.0,categoria
782,133,,control_inicio
783,133,,control_fin
784,133,10.0,categoria
785,133,11.0,categoria
786,133,2.0,categoria
787,134,,control_inicio
788,134,,control_fin
789,134,12.0,categoria
790,134,5.0,categoria
791,135,,control_inicio
792,135,,control_fin
793,135,4.0,categoria
794,135,3.0,categoria
795,135,5.0,categoria
796,135,14.0,categoria
797,135,6.0,categoria
798,135,13.0,categoria
799,135,12.0,categoria
800,136,,control_inicio
801,136,,control_fin
802,136,5.0,categoria
803,136,4.0,categoria
804,136,15.0,categoria
805,137,,control_inicio
806,137,,control_fin
807,137,5.0,categoria
808,137,3.0,categoria
809,137,10.0,categoria
810,137,14.0,categoria
811,137,13.0,categoria
812,137,12.0,categoria
813,137,6.0,categoria
814,138,,control_inicio
815,138,,control_fin
816,138,6.0,categoria
817,138,5.0,categoria
818,138,4.0,categoria
819,138,8.0,categoria
820,138,15.0,categoria
821,139,,control_inicio
822,139,,control_fin
823,139,10.0,categoria
824,139,12.0,categoria
825,139,11.0,categoria
826,139,7.0,categoria
827,140,,control_inicio
828,140,,control_fin
829,140,12.0,categoria
830,140,5.0,categoria
831,140,9.0,categoria
832,140,15.0,categoria
833,141,,control_inicio
834,141,,control_fin
835,141,3.0,categoria
836,141,15.0,categoria
837,141,11.0,categoria
838,141,5.0,categoria
839,141,9.0,categoria
840,141,10.0,categoria
841,142,,control_inicio
842,142,,control_fin
843,142,3.0,categoria
844,142,10.0,categoria
845,142,5.0,categoria
846,142,9.0,categoria
847,142,15.0,categoria
848,142,11.0,categoria
849,143,,control_inicio
850,143,,control_fin
851,143,9.0,categoria
852,143,1.0,categoria
853,143,5.0,categoria
854,144,,control_inicio
855,144,,control_fin
856,144,5.0,categoria
857,144,8.0,categoria
858,144,1.0,categoria
859,144,7.0,categoria
860,144,15.0,categoria
861,144,6.0,categoria
862,145,,control_inicio
863,145,,control_fin
864,145,15.0,categoria
865,145,14.0,categoria
866,145,8.0,categoria
867,145,11.0,categoria
868,145,10.0,categoria
869,145,13.0,categoria
870,146,,control_inicio
871,146,,control_fin
872,146,8.0,categoria
873,146,12.0,categoria
874,146,11.0,categoria
875,146,7.0,categoria
876,146,10.0,categoria
877,147,,control_inicio
878,147,,control_fin
879,147,6.0,categoria
880,147,3.0,categoria
881,147,1.0,categoria
882,147,14.0,categoria
883,147,11.0,categoria
884,147,4.0,categoria
885,148,,control_inicio
886,148,,control_fin
887,148,10.0,categoria
888,148,12.0,categoria
889,148,9.0,categoria
890,149,,control_inicio
891,149,,control_fin
892,149,11.0,categoria
893,149,3.0,categoria
894,149,12.0,categoria
895,149,7.0,categoria
896,150,,control_inicio
897,150,,control_fin
898,150,10.0,categoria
899,151,,control_inicio
900,151,,control_fin
901,151,3.0,categoria
902,151,13.0,categoria
903,151,4.0,categoria
904,151,14.0,categoria
905,152,,control_inicio
906,152,,control_fin
907,152,12.0,categoria
908,152,11.0,categoria
909,153,,control_inicio
910,153,,control_fin
911,153,1.0,categoria
912,153,4.0,categoria
913,153,9.0,categoria
914,153,15.0,categoria
915,153,3.0,categoria
916,153,7.0,categoria
917,153,13.0,categoria
918,154,,control_inicio
919,154,,control_fin
920,154,12.0,categoria
921,154,3.0,categoria
922,154,1.0,categoria
923,154,9.0,categoria
924,155,,control_inicio
925,155,,control_fin
926,155,9.0,categoria
927,155,5.0,categoria
928,155,10.0,categoria
929,155,15.0,categoria
930,155,11.0,categoria
931,155,3.0,categoria
932,156,,control_inicio
933,156,,control_fin
934,156,9.0,categoria
935,156,15.0,categoria
936,156,12.0,categoria
937,156,5.0,categoria
938,157,,control_inicio
939,157,,control_fin
940,157,13.0,categoria
941,157,12.0,categoria
942,157,10.0,categoria
943,157,6.0,categoria
944,158,,control_inicio
945,158,,control_fin
946,158,11.0,categoria
947,158,9.0,categoria
948,159,,control_inicio
949,159,,control_fin
950,159,10.0,categoria
951,159,5.0,categoria
952,159,14.0,categoria
953,159,6.0,categoria
954,159,13.0,categoria
955,159,12.0,categoria
956,159,3.0,categoria
957,160,,control_inicio
958,160,,control_fin
959,160,9.0,categoria
960,160,12.0,categoria
961,160,10.0,categoria
962,161,,control_inicio
963,161,,control_fin
964,161,9.0,categoria
965,161,5.0,categoria
966,161,1.0,categoria
967,162,,control_inicio
968,162,,control_fin
969,162,5.0,categoria
970,162,3.0,categoria
971,162,10.0,categoria
972,162,11.0,categoria
973,162,15.0,categoria
974,162,9.0,categoria
975,163,,control_inicio
976,163,,control_fin
977,163,12.0,categoria
978,163,11.0,categoria
979,164,,control_inicio
980,164,,control_fin
981,164,4.0,categoria
982,164,5.0,categoria
983,164,15.0,categoria
984,164,6.0,categoria
985,164,8.0,categoria
986,165,,control_inicio
987,165,,control_fin
988,165,6.0,categoria
989,165,11.0,categoria
990,165,1.0,categoria
991,165,14.0,categoria
992,165,3.0,categoria
993,165,4.0,categoria
994,166,,control_inicio
995,166,,control_fin
996,166,1.0,categoria
997,167,,control_inicio
998,167,,control_fin
999,168,,control_inicio
1000,168,,control_fin
1001,168,1.0,categoria
1002,168,7.0,categoria
1003,168,6.0,categoria
1004,168,8.0,categoria
1005,168,15.0,categoria
1006,168,5.0,categoria
1007,169,,control_inicio
1008,169,,control_fin
1009,169,1.0,categoria
1010,169,5.0,categoria
1011,169,9.0,categoria
1012,170,,control_inicio
1013,170,,control_fin
1014,170,10.0,categoria
1015,170,5.0,categoria
1016,170,15.0,categoria
1017,170,9.0,categoria
1018,170,11.0,categoria
1019,170,3.0,categoria
1020,171,,control_inicio
1021,171,,control_fin
1022,171,8.0,categoria
1023,171,11.0,categoria
1024,171,10.0,categoria
1025,171,7.0,categoria
1026,171,12.0,categoria
1027,172,,control_inicio
1028,172,,control_fin
1029,172,3.0,categoria
1030,172,9.0,categoria
1031,173,,control_inicio
1032,173,,control_fin
1033,173,4.0,categoria
1034,173,5.0,categoria
1035,173,6.0,categoria
1036,173,8.0,categoria
1037,173,15.0,categoria
1038,174,,control_inicio
1039,174,,control_fin
1040,174,8.0,categoria
1041,174,11.0,categoria
1042,174,7.0,categoria
1043,174,10.0,categoria
1044,174,12.0,categoria
1045,175,,control_inicio
1046,175,,control_fin
1047,175,4.0,categoria
1048,175,5.0,categoria
1049,175,13.0,categoria
1050,175,12.0,categoria
1051,176,,control_inicio
1052,176,,control_fin
1053,176,7.0,categoria
1054,176,3.0,categoria
1055,176,11.0,categoria
1056,176,12.0,categoria
1057,177,,control_inicio
1058,177,,control_fin
1059,177,11.0,categoria
1060,177,13.0,categoria
1061,177,9.0,categoria
1062,177,2.0,categoria
1063,177,7.0,categoria
1064,178,,control_inicio
1065,178,,control_fin
1066,178,12.0,categoria
1067,178,6.0,categoria
1068,178,13.0,categoria
1069,178,10.0,categoria
1070,179,,control_inicio
1071,179,,control_fin
1072,179,6.0,categoria
1073,180,,control_inicio
1074,180,,control_fin
1075,180,3.0,categoria
1076,180,9.0,categoria
1077,181,,control_inicio
1078,181,,control_fin
1079,181,6.0,categoria
1080,181,14.0,categoria
1081,181,3.0,categoria
1082,181,1.0,categoria
1083,181,4.0,categoria
1084,181,11.0,categoria
1085,182,,control_inicio
1086,182,,control_fin
1087,182,4.0,categoria
1088,182,15.0,categoria
1089,183,,control_inicio
1090,183,,control_fin
1091,183,13.0,categoria
1092,183,4.0,categoria
1093,183,12.0,categoria
1094,183,3.0,categoria
1095,183,14.0,categoria
1096,184,,control_inicio
1097,184,,control_fin
1098,184,14.0,categoria
1099,184,4.0,categoria
1100,184,12.0,categoria
1101,184,5.0,categoria
1102,184,13.0,categoria
1103,184,6.0,categoria
1104,184,3.0,categoria
1105,185,,control_inicio
1106,185,,control_fin
1107,185,9.0,categoria
1108,185,5.0,categoria
1109,185,3.0,categoria
1110,185,10.0,categoria
1111,185,11.0,categoria
1112,185,15.0,categoria
1113,186,,control_inicio
1114,186,,control_fin
1115,186,13.0,categoria
1116,186,5.0,categoria
1117,186,7.0,categoria
1118,186,9.0,categoria
1119,186,2.0,categoria
1120,186,6.0,categoria
1121,186,11.0,categoria
1122,187,,control_inicio
1123,187,,control_fin
1124,187,8.0,categoria
1125,187,7.0,categoria
1126,187,11.0,categoria
1127,187,10.0,categoria
1128,187,12.0,categoria
1129,188,,control_inicio
1130,188,,control_fin
1131,188,9.0,categoria
1132,188,1.0,categoria
1133,188,5.0,categoria
1134,189,,control_inicio
1135,189,,control_fin
1136,189,13.0,categoria
1137,189,7.0,categoria
1138,189,9.0,categoria
1139,189,2.0,categoria
1140,189,11.0,categoria
1141,190,,control_inicio
1142,190,,control_fin
1143,191,,control_inicio
1144,191,,control_fin
1145,191,3.0,categoria
1146,191,9.0,categoria
1147,191,5.0,categoria
1148,191,11.0,categoria
1149,191,10.0,categoria
1150,191,15.0,categoria
1151,192,,control_inicio
1152,192,,control_fin
1153,192,6.0,categoria
1154,192,3.0,categoria
1155,192,10.0,categoria
1156,192,13.0,categoria
1157,192,14.0,categoria
1158,192,12.0,categoria
1159,192,5.0,categoria
1160,193,,control_inicio
1161,193,,control_fin
1162,193,9.0,categoria
1163,193,11.0,categoria
1164,194,,control_inicio
1165,194,,control_fin
1166,194,5.0,categoria
1167,194,1.0,categoria
1168,194,9.0,categoria
1169,195,,control_inicio
1170,195,,control_fin
1171,195,15.0,categoria
1172,195,4.0,categoria
1173,196,,control_inicio
1174,196,,control_fin
1175,196,4.0,categoria
1176,196,8.0,categoria
1177,197,,control_inicio
1178,197,,control_fin
1179,197,9.0,categoria
1180,197,15.0,categoria
1181,197,5.0,categoria
1182,197,12.0,categoria
1183,198,,control_inicio
1184,198,,control_fin
1185,198,11.0,categoria
1186,198,9.0,categoria
1187,199,,control_inicio
1188,199,,control_fin
1189,199,7.0,categoria
1190,199,12.0,categoria
1191,199,8.0,categoria
1192,199,11.0,categoria
1193,199,10.0,categoria
1194,200,,control_inicio
1195,200,,control_fin
1196,200,11.0,categoria
1197,200,9.0,categoria
1198,201,,control_inicio
1199,201,,control_fin
1200,201,7.0,categoria
1201,201,4.0,categoria
1202,201,13.0,categoria
1203,201,9.0,categoria
1204,201,1.0,categoria
1205,201,3.0,categoria
1206,201,15.0,categoria
1207,202,,control_inicio
1208,202,,control_fin
1209,202,15.0,categoria
1210,202,2.0,categoria
1211,202,13.0,categoria
1212,202,10.0,categoria
1213,203,,control_inicio
1214,203,,control_fin
1215,203,12.0,categoria
1216,203,13.0,categoria
1217,203,5.0,categoria
1218,203,3.0,categoria
1219,203,6.0,categoria
1220,203,4.0,categoria
1221,203,14.0,categoria
1222,204,,control_inicio
1223,204,,control_fin
1224,204,15.0,categoria
1225,204,5.0,categoria
1226,204,1.0,categoria
1227,204,8.0,categoria
1228,204,6.0,categoria
1229,204,7.0,categoria
1230,205,,control_inicio
1231,205,,control_fin
1232,205,6.0,categoria
1233,205,5.0,categoria
1234,206,,control_inicio
1235,206,,control_fin
1236,206,10.0,categoria
1237,206,15.0,categoria
1238,206,2.0,categoria
1239,206,13.0,categoria
1240,207,,control_inicio
1241,207,,control_fin
1242,207,10.0,categoria
1243,207,9.0,categoria
1244,207,12.0,categoria
1245,208,,control_inicio
1246,208,,control_fin
1247,208,9.0,categoria
1248,208,3.0,categoria
1249,209,,control_inicio
1250,209,,control_fin
1251,209,9.0,categoria
1252,209,3.0,categoria
1253,210,,control_inicio
1254,210,,control_fin
1255,210,8.0,categoria
1256,210,15.0,categoria
1257,210,4.0,categoria
1258,210,5.0,categoria
1259,210,6.0,categoria
1260,211,,control_inicio
1261,211,,control_fin
1262,211,5.0,categoria
1263,212,,control_inicio
1264,212,,control_fin
1265,212,5.0,categoria
1266,212,3.0,categoria
1267,212,12.0,categoria
1268,212,6.0,categoria
1269,212,13.0,categoria
1270,212,14.0,categoria
1271,212,10.0,categoria
1272,213,,control_inicio
1273,213,,control_fin
1274,213,6.0,categoria
1275,213,13.0,categoria
1276,213,10.0,categoria
1277,213,12.0,categoria
1278,214,,control_inicio
1279,214,,control_fin
1280,214,7.0,categoria
1281,214,13.0,categoria
1282,214,9.0,categoria
1283,214,11.0,categoria
1284,214,2.0,categoria
1285,214,5.0,categoria
1286,214,6.0,categoria
1287,215,,control_inicio
1288,215,,control_fin
1289,215,5.0,categoria
1290,215,2.0,categoria
1291,216,,control_inicio
1292,216,,control_fin
1293,216,4.0,categoria
1294,216,3.0,categoria
1295,216,13.0,categoria
1296,216,14.0,categoria
1297,217,,control_inicio
1298,217,,control_fin
1299,217,12.0,categoria
1300,217,11.0,categoria
1301,217,3.0,categoria
1302,217,7.0,categoria
1303,218,,control_inicio
1304,218,,control_fin
1305,218,1.0,categoria
1306,218,3.0,categoria
1307,218,9.0,categoria
1308,218,15.0,categoria
1309,218,4.0,categoria
1310,218,13.0,categoria
1311,218,7.0,categoria
1312,219,,control_inicio
1313,219,,control_fin
1314,219,11.0,categoria
1315,219,10.0,categoria
1316,219,3.0,categoria
1317,219,5.0,categoria
1318,219,15.0,categoria
1319,219,9.0,categoria
1320,220,,control_inicio
1321,220,,control_fin
1322,220,11.0,categoria
1323,220,6.0,categoria
1324,220,13.0,categoria
1325,220,2.0,categoria
1326,220,9.0,categoria
1327,220,5.0,categoria
1328,220,7.0,categoria
1329,221,,control_inicio
1330,221,,control_fin
1331,221,6.0,categoria
1332,221,12.0,categoria
1333,221,13.0,categoria
1334,221,10.0,categoria
1335,222,,control_inicio
1336,222,,control_fin
1337,222,11.0,categoria
1338,222,10.0,categoria
1339,222,5.0,categoria
1340,222,3.0,categoria
1341,222,9.0,categoria
1342,222,15.0,categoria
1343,223,,control_inicio
1344,223,,control_fin
1345,223,4.0,categoria
1346,223,14.0,categoria
1347,223,6.0,categoria
1348,223,11.0,categoria
1349,223,3.0,categoria
1350,223,1.0,categoria
1351,224,,control_inicio
1352,224,,control_fin
1353,224,14.0,categoria
1354,224,4.0,categoria
1355,225,,control_inicio
1356,225,,control_fin
1357,225,5.0,categoria
1358,225,2.0,categoria
1359,226,,control_inicio
1360,226,,control_fin
1361,226,1.0,categoria
1362,226,9.0,categoria
1363,226,5.0,categoria
1364,227,,control_inicio
1365,227,,control_fin
1366,227,5.0,categoria
1367,227,13.0,categoria
1368,227,6.0,categoria
1369,227,7.0,categoria
1370,227,2.0,categoria
1371,227,9.0,categoria
1372,227,11.0,categoria
1373,228,,control_inicio
1374,228,,control_fin
1375,228,13.0,categoria
1376,228,3.0,categoria
1377,228,4.0,categoria
1378,228,14.0,categoria
1379,229,,control_inicio
1380,229,,control_fin
1381,229,5.0,categoria
1382,229,9.0,categoria
1383,229,1.0,categoria
1384,230,,control_inicio
1385,230,,control_fin
1386,230,1.0,categoria
1387,230,6.0,categoria
1388,230,3.0,categoria
1389,230,11.0,categoria
1390,230,14.0,categoria
1391,230,4.0,categoria
1392,231,,control_inicio
1393,231,,control_fin
1394,231,2.0,categoria
1395,231,5.0,categoria
1396,232,,control_inicio
1397,232,,control_fin
1398,232,3.0,categoria
1399,233,,control_inicio
1400,233,,control_fin
1401,233,4.0,categoria
1402,233,15.0,categoria
1403,234,,control_inicio
1404,234,,control_fin
1405,234,4.0,categoria
1406,234,14.0,categoria
1407,235,,control_inicio
1408,235,,control_fin
1409,235,14.0,categoria
1410,235,4.0,categoria
1411,236,,control_inicio
1412,236,,control_fin
1413,236,11.0,categoria
1414,236,2.0,categoria
1415,236,10.0,categoria
1416,237,,control_inicio
1417,237,,control_fin
1418,237,4.0,categoria
1419,237,5.0,categoria
1420,237,6.0,categoria
1421,238,,control_inicio
1422,238,,control_fin
1423,238,2.0,categoria
1424,238,5.0,categoria
1425,239,,control_inicio
1426,239,,control_fin
1427,239,9.0,categoria
1428,239,3.0,categoria
1429,240,,control_inicio
1430,240,,control_fin
1431,240,14.0,categoria
1432,240,4.0,categoria
1433,240,3.0,categoria
1434,240,1.0,categoria
1435,240,11.0,categoria
1436,240,6.0,categoria
1437,241,,control_inicio
1438,241,,control_fin
1439,241,3.0,categoria
1440,241,9.0,categoria
1441,242,,control_inicio
1442,242,,control_fin
1443,242,9.0,categoria
1444,242,11.0,categoria
1445,242,6.0,categoria
1446,242,7.0,categoria
1447,242,5.0,categoria
1448,242,13.0,categoria
1449,242,2.0,categoria
1450,243,,control_inicio
1451,243,,control_fin
1452,244,,control_inicio
1453,244,,control_fin
1454,244,4.0,categoria
1455,244,14.0,categoria
1456,244,13.0,categoria
1457,244,3.0,categoria
1458,245,,control_inicio
1459,245,,control_fin
1460,245,6.0,categoria
1461,245,15.0,categoria
1462,245,5.0,categoria
1463,245,8.0,categoria
1464,245,1.0,categoria
1465,245,7.0,categoria
1466,246,,control_inicio
1467,246,,control_fin
1468,246,4.0,categoria
1469,246,14.0,categoria
1470,246,1.0,categoria
1471,246,11.0,categoria
1472,246,6.0,categoria
1473,246,3.0,categoria
1474,247,,control_inicio
1475,247,,control_fin
1476,247,10.0,categoria
1477,247,9.0,categoria
1478,247,12.0,categoria
1479,248,,control_inicio
1480,248,,control_fin
1481,248,7.0,categoria
1482,248,12.0,categoria
1483,248,11.0,categoria
1484,248,3.0,categoria
1485,249,,control_inicio
1486,249,,control_fin
1487,249,8.0,categoria
1488,249,4.0,categoria
1489,250,,control_inicio
1490,250,,control_fin
1491,250,10.0,categoria
1492,250,2.0,categoria
1493,250,11.0,categoria
1494,251,,control_inicio
1495,251,,control_fin
1496,251,9.0,categoria
1497,251,10.0,categoria
1498,251,12.0,categoria
1499,252,,control_inicio
1500,252,,control_fin
1501,252,9.0,categoria
1502,252,5.0,categoria
1503,252,12.0,categoria
1504,252,15.0,categoria
1505,253,,control_inicio
1506,253,,control_fin
1507,253,2.0,categoria
1508,253,7.0,categoria
1509,253,11.0,categoria
1510,253,9.0,categoria
1511,253,13.0,categoria
1512,254,,control_inicio
1513,254,,control_fin
1514,254,1.0,categoria
1515,254,8.0,categoria
1516,254,7.0,categoria
1517,254,15.0,categoria
1518,254,5.0,categoria
1519,254,6.0,categoria
1520,255,,control_inicio
1521,255,,control_fin
1522,255,5.0,categoria
1523,255,12.0,categoria
1524,255,13.0,categoria
1525,255,4.0,categoria
1526,256,,control_inicio
1527,256,,control_fin
1528,256,4.0,categoria
1529,256,6.0,categoria
1530,256,11.0,categoria
1531,256,14.0,categoria
1532,256,1.0,categoria
1533,256,3.0,categoria
1534,257,,control_inicio
1535,257,,control_fin
1536,257,5.0,categoria
1537,257,15.0,categoria
1538,257,11.0,categoria
1539,257,10.0,categoria
1540,257,9.0,categoria
1541,257,3.0,categoria
1542,258,,control_inicio
1543,258,,control_fin
1544,258,4.0,categoria
1545,258,5.0,categoria
1546,258,13.0,categoria
1547,258,12.0,categoria
1548,259,,control_inicio
1549,259,,control_fin
1550,259,9.0,categoria
1551,259,1.0,categoria
1552,259,5.0,categoria
1553,260,,control_inicio
1554,260,,control_fin
1555,260,5.0,categoria
1556,260,10.0,categoria
1557,260,15.0,categoria
1558,260,9.0,categoria
1559,260,11.0,categoria
1560,260,3.0,categoria
1561,261,,control_inicio
1562,261,,control_fin
1563,261,6.0,categoria
1564,261,1.0,categoria
1565,261,11.0,categoria
1566,261,4.0,categoria
1567,261,3.0,categoria
1568,261,14.0,categoria
1569,262,,control_inicio
1570,262,,control_fin
1571,263,,control_inicio
1572,263,,control_fin
1573,263,6.0,categoria
1574,263,15.0,categoria
1575,264,,control_inicio
1576,264,,control_fin
1577,264,9.0,categoria
1578,264,11.0,categoria
1579,265,,control_inicio
1580,265,,control_fin
1581,265,12.0,categoria
1582,265,11.0,categoria
1583,265,3.0,categoria
1584,265,7.0,categoria
1585,266,,control_inicio
1586,266,,control_fin
1587,266,11.0,categoria
1588,266,12.0,categoria
1589,267,,control_inicio
1590,267,,control_fin
1591,267,14.0,categoria
1592,267,6.0,categoria
1593,267,5.0,categoria
1594,267,12.0,categoria
1595,267,3.0,categoria
1596,267,13.0,categoria
1597,267,4.0,categoria
1598,268,,control_inicio
1599,268,,control_fin
1600,268,10.0,categoria
1601,268,9.0,categoria
1602,268,12.0,categoria
1603,269,,control_inicio
1604,269,,control_fin
1605,269,5.0,categoria
1606,269,12.0,categoria
1607,269,4.0,categoria
1608,269,13.0,categoria
1609,270,,control_inicio
1610,270,,control_fin
1611,270,5.0,categoria
1612,270,9.0,categoria
1613,270,1.0,categoria
1614,271,,control_inicio
1615,271,,control_fin
1616,271,1.0,categoria
1617,271,6.0,categoria
1618,272,,control_inicio
1619,272,,control_fin
1620,272,4.0,categoria
1621,272,13.0,categoria
1622,272,5.0,categoria
1623,272,12.0,categoria
1624,273,,control_inicio
1625,273,,control_fin
1626,274,,control_inicio
1627,274,,control_fin
1628,274,4.0,categoria
1629,274,5.0,categoria
1630,274,13.0,categoria
1631,274,12.0,categoria
1632,275,,control_inicio
1633,275,,control_fin
1634,275,12.0,categoria
1635,275,3.0,categoria
1636,275,6.0,categoria
1637,275,5.0,categoria
1638,276,,control_inicio
1639,276,,control_fin
1640,276,9.0,categoria
1641,276,12.0,categoria
1642,276,5.0,categoria
1643,276,15.0,categoria
1644,277,,control_inicio
1645,277,,control_fin
1646,277,3.0,categoria
1647,277,6.0,categoria
1648,277,5.0,categoria
1649,277,13.0,categoria
1650,277,14.0,categoria
1651,277,10.0,categoria
1652,277,12.0,categoria
1653,278,,control_inicio
1654,278,,control_fin
1655,278,9.0,categoria
1656,278,12.0,categoria
1657,279,,control_inicio
1658,279,,control_fin
1659,279,3.0,categoria
1660,279,9.0,categoria
1661,280,,control_inicio
1662,280,,control_fin
1663,280,11.0,categoria
1664,280,8.0,categoria
1665,280,12.0,categoria
1666,280,10.0,categoria
1667,280,7.0,categoria
1668,281,,control_inicio
1669,281,,control_fin
1670,281,4.0,categoria
1671,281,14.0,categoria
1672,282,,control_inicio
1673,282,,control_fin
1674,282,15.0,categoria
1675,282,5.0,categoria
1676,282,9.0,categoria
1677,282,12.0,categoria
1678,283,,control_inicio
1679,283,,control_fin
1680,283,4.0,categoria
1681,283,8.0,categoria
1682,284,,control_inicio
1683,284,,control_fin
1684,284,15.0,categoria
1685,284,4.0,categoria
1686,285,,control_inicio
1687,285,,control_fin
1688,285,15.0,categoria
1689,285,12.0,categoria
1690,285,5.0,categoria
1691,285,9.0,categoria
1692,286,,control_inicio
1693,286,,control_fin
1694,286,9.0,categoria
1695,286,5.0,categoria
1696,286,15.0,categoria
1697,286,12.0,categoria
1698,287,,control_inicio
1699,287,,control_fin
1700,287,12.0,categoria
1701,287,7.0,categoria
1702,287,10.0,categoria
1703,287,11.0,categoria
1704,287,8.0,categoria
1705,288,,control_inicio
1706,288,,control_fin
1707,289,,control_inicio
1708,289,,control_fin
1709,289,6.0,categoria
1710,289,14.0,categoria
1711,289,12.0,categoria
1712,289,13.0,categoria
1713,289,3.0,categoria
1714,289,10.0,categoria
1715,289,5.0,categoria
1716,290,,control_inicio
1717,290,,control_fin
1718,290,9.0,categoria
1719,290,12.0,categoria
1720,290,5.0,categoria
1721,290,15.0,categoria
1722,291,,control_inicio
1723,291,,control_fin
1724,291,11.0,categoria
1725,291,6.0,categoria
1726,291,5.0,categoria
1727,291,9.0,categoria
1728,291,2.0,categoria
1729,291,13.0,categoria
1730,291,7.0,categoria
1731,292,,control_inicio
1732,292,,control_fin
1733,292,4.0,categoria
1734,292,12.0,categoria
1735,292,6.0,categoria
1736,292,5.0,categoria
1737,292,14.0,categoria
1738,292,3.0,categoria
1739,292,13.0,categoria
1740,293,,control_inicio
1741,293,,control_fin
1742,293,12.0,categoria
1743,293,11.0,categoria
1744,294,,control_inicio
1745,294,,control_fin
1746,294,4.0,categoria
1747,294,8.0,categoria
1748,295,,control_inicio
1749,295,,control_fin
1750,295,14.0,categoria
1751,295,4.0,categoria
1752,296,,control_inicio
1753,296,,control_fin
1754,296,1.0,categoria
1755,296,3.0,categoria
1756,296,11.0,categoria
1757,296,6.0,categoria
1758,296,4.0,categoria
1759,296,14.0,categoria
1760,297,,control_inicio
1761,297,,control_fin
1762,297,9.0,categoria
1763,297,1.0,categoria
1764,297,5.0,categoria
1765,298,,control_inicio
1766,298,,control_fin
1767,298,2.0,categoria
1768,298,11.0,categoria
1769,298,7.0,categoria
1770,298,5.0,categoria
1771,298,6.0,categoria
1772,298,9.0,categoria
1773,298,13.0,categoria
1774,299,,control_inicio
1775,299,,control_fin
1776,299,12.0,categoria
1777,299,10.0,categoria
1778,300,,control_inicio
1779,300,,control_fin
1780,300,3.0,categoria
1781,300,5.0,categoria
1782,300,10.0,categoria
1783,300,14.0,categoria
1784,300,12.0,categoria
1785,300,6.0,categoria
1786,300,13.0,categoria
1787,301,,control_inicio
1788,301,,control_fin
1789,301,2.0,categoria
1790,301,10.0,categoria
1791,301,15.0,categoria
1792,301,13.0,categoria
1793,302,,control_inicio
1794,302,,control_fin
1795,302,10.0,categoria
1796,302,11.0,categoria
1797,302,2.0,categoria
1798,303,,control_inicio
1799,303,,control_fin
1800,304,,control_inicio
1801,304,,control_fin
1802,304,10.0,categoria
1803,304,11.0,categoria
1804,304,7.0,categoria
1805,304,12.0,categoria
1806,304,8.0,categoria
1807,305,,control_inicio
1808,305,,control_fin
1809,305,11.0,categoria
1810,305,7.0,categoria
1811,305,3.0,categoria
1812,305,12.0,categoria
1813,306,,control_inicio
1814,306,,control_fin
1815,306,5.0,categoria
1816,306,9.0,categoria
1817,306,15.0,categoria
1818,306,12.0,categoria
1819,307,,control_inicio
1820,307,,control_fin
1821,307,3.0,categoria
1822,307,4.0,categoria
1823,307,1.0,categoria
1824,307,14.0,categoria
1825,307,11.0,categoria
1826,307,6.0,categoria
1827,308,,control_inicio
1828,308,,control_fin
1829,308,3.0,categoria
1830,308,7.0,categoria
1831,308,12.0,categoria
1832,308,11.0,categoria
1833,309,,control_inicio
1834,309,,control_fin
1835,309,5.0,categoria
1836,309,3.0,categoria
1837,309,6.0,categoria
1838,309,12.0,categoria
1839,310,,control_inicio
1840,310,,control_fin
1841,310,7.0,categoria
1842,310,11.0,categoria
1843,310,3.0,categoria
1844,310,12.0,categoria
1845,311,,control_inicio
1846,311,,control_fin
1847,311,2.0,categoria
1848,311,5.0,categoria
1849,311,11.0,categoria
1850,311,13.0,categoria
1851,311,9.0,categoria
1852,311,7.0,categoria
1853,311,6.0,categoria
1854,312,,control_inicio
1855,312,,control_fin
1856,312,5.0,categoria
1857,312,8.0,categoria
1858,312,4.0,categoria
1859,312,6.0,categoria
1860,312,15.0,categoria
1861,313,,control_inicio
1862,313,,control_fin
1863,313,1.0,categoria
1864,313,9.0,categoria
1865,313,5.0,categoria
1866,314,,control_inicio
1867,314,,control_fin
1868,314,6.0,categoria
1869,314,5.0,categoria
1870,314,11.0,categoria
1871,314,13.0,categoria
1872,314,9.0,categoria
1873,314,7.0,categoria
1874,314,2.0,categoria
1875,315,,control_inicio
1876,315,,control_fin
1877,315,15.0,categoria
1878,315,6.0,categoria
1879,315,5.0,categoria
1880,315,8.0,categoria
1881,316,,control_inicio
1882,316,,control_fin
1883,316,4.0,categoria
1884,316,14.0,categoria
1885,317,,control_inicio
1886,317,,control_fin
1887,317,12.0,categoria
1888,317,11.0,categoria
1889,317,7.0,categoria
1890,317,3.0,categoria
1891,318,,control_inicio
1892,318,,control_fin
1893,318,15.0,categoria
1894,318,4.0,categoria
1895,319,,control_inicio
1896,319,,control_fin
1897,319,4.0,categoria
1898,319,14.0,categoria
1899,320,,control_inicio
1900,320,,control_fin
1901,320,10.0,categoria
1902,320,13.0,categoria
1903,320,6.0,categoria
1904,320,3.0,categoria
1905,320,12.0,categoria
1906,320,14.0,categoria
1907,320,5.0,categoria
1908,321,,control_inicio
1909,321,,control_fin
1910,321,2.0,categoria
1911,321,10.0,categoria
1912,321,11.0,categoria
1913,322,,control_inicio
1914,322,,control_fin
1915,322,3.0,categoria
1916,322,9.0,categoria
1917,323,,control_inicio
1918,323,,control_fin
1919,323,5.0,categoria
1920,323,9.0,categoria
1921,323,1.0,categoria
1922,324,,control_inicio
1923,324,,control_fin
1924,324,9.0,categoria
1925,324,3.0,categoria
1926,324,1.0,categoria
1927,324,12.0,categoria
1928,325,,control_inicio
1929,325,,control_fin
1930,325,8.0,categoria
1931,325,4.0,categoria
1932,325,15.0,categoria
1933,326,,control_inicio
1934,326,,control_fin
1935,326,9.0,categoria
1936,326,12.0,categoria
1937,326,10.0,categoria
1938,327,,control_inicio
1939,327,,control_fin
1940,327,10.0,categoria
1941,327,13.0,categoria
1942,327,6.0,categoria
1943,327,12.0,categoria
1944,328,,control_inicio
1945,328,,control_fin
1946,328,9.0,categoria
1947,328,7.0,categoria
1948,328,2.0,categoria
1949,328,11.0,categoria
1950,328,13.0,categoria
1951,329,,control_inicio
1952,329,,control_fin
1953,329,15.0,categoria
1954,329,3.0,categoria
1955,329,4.0,categoria
1956,329,7.0,categoria
1957,329,9.0,categoria
1958,329,1.0,categoria
1959,329,13.0,categoria
1960,330,,control_inicio
1961,330,,control_fin
1962,330,9.0,categoria
1963,330,12.0,categoria
1964,330,3.0,categoria
1965,330,1.0,categoria
1966,331,,control_inicio
1967,331,,control_fin
1968,331,4.0,categoria
1969,331,14.0,categoria
1970,332,,control_inicio
1971,332,,control_fin
1972,332,7.0,categoria
1973,332,8.0,categoria
1974,332,1.0,categoria
1975,332,6.0,categoria
1976,333,,control_inicio
1977,333,,control_fin
1978,333,11.0,categoria
1979,333,13.0,categoria
1980,333,7.0,categoria
1981,333,2.0,categoria
1982,333,9.0,categoria
1983,334,,control_inicio
1984,334,,control_fin
1985,334,13.0,categoria
1986,334,6.0,categoria
1987,334,5.0,categoria
1988,334,9.0,categoria
1989,334,2.0,categoria
1990,334,11.0,categoria
1991,334,7.0,categoria
1992,335,,control_inicio
1993,335,,control_fin
1994,335,13.0,categoria
1995,335,6.0,categoria
1996,335,10.0,categoria
1997,336,,control_inicio
1998,336,,control_fin
1999,336,12.0,categoria
2000,336,9.0,categoria
2001,336,10.0,categoria
2002,337,,control_inicio
2003,337,,control_fin
2004,337,15.0,categoria
2005,337,4.0,categoria
2006,338,,control_inicio
2007,338,,control_fin
2008,338,14.0,categoria
2009,338,3.0,categoria
2010,338,11.0,categoria
2011,338,1.0,categoria
2012,338,4.0,categoria
2013,338,6.0,categoria
2014,339,,control_inicio
2015,339,,control_fin
2016,339,9.0,categoria
2017,339,5.0,categoria
2018,339,12.0,categoria
2019,339,15.0,categoria
2020,340,,control_inicio
2021,340,,control_fin
2022,340,10.0,categoria
2023,340,2.0,categoria
2024,340,11.0,categoria
2025,341,,control_inicio
2026,341,,control_fin
2027,341,1.0,categoria
2028,341,6.0,categoria
2029,342,,control_inicio
2030,342,,control_fin
2031,342,14.0,categoria
2032,342,13.0,categoria
2033,342,4.0,categoria
2034,342,3.0,categoria
2035,343,,control_inicio
2036,343,,control_fin
2037,344,,control_inicio
2038,344,,control_fin
2039,345,,control_inicio
2040,345,,control_fin
2041,345,15.0,categoria
2042,345,4.0,categoria
2043,346,,control_inicio
2044,346,,control_fin
2045,346,6.0,categoria
2046,346,1.0,categoria
2047,347,,control_inicio
2048,347,,control_fin
2049,347,3.0,categoria
2050,347,9.0,categoria
2051,348,,control_inicio
2052,348,,control_fin
2053,348,15.0,categoria
2054,348,6.0,categoria
2055,348,4.0,categoria
2056,348,5.0,categoria
2057,348,8.0,categoria
2058,349,,control_inicio
2059,349,,control_fin
2060,349,9.0,categoria
2061,349,11.0,categoria
2062,350,,control_inicio
2063,350,,control_fin
2064,350,9.0,categoria
2065,350,11.0,categoria
2066,350,6.0,categoria
2067,350,2.0,categoria
2068,350,7.0,categoria
2069,350,13.0,categoria
2070,350,5.0,categoria
2071,351,,control_inicio
2072,351,,control_fin
2073,351,11.0,categoria
2074,352,,control_inicio
2075,352,,control_fin
2076,352,4.0,categoria
2077,352,3.0,categoria
2078,352,14.0,categoria
2079,352,13.0,categoria
2080,352,12.0,categoria
2081,352,6.0,categoria
2082,352,5.0,categoria
2083,353,,control_inicio
2084,353,,control_fin
2085,353,3.0,categoria
2086,353,12.0,categoria
2087,353,5.0,categoria
2088,353,6.0,categoria
2089,354,,control_inicio
2090,354,,control_fin
2091,354,14.0,categoria
2092,354,13.0,categoria
2093,354,8.0,categoria
2094,354,10.0,categoria
2095,354,15.0,categoria
2096,354,11.0,categoria
2097,355,,control_inicio
2098,355,,control_fin
2099,355,1.0,categoria
2100,355,6.0,categoria
2101,356,,control_inicio
2102,356,,control_fin
2103,356,1.0,categoria
2104,356,5.0,categoria
2105,356,9.0,categoria
2106,357,,control_inicio
2107,357,,control_fin
2108,357,12.0,categoria
2109,357,10.0,categoria
2110,357,9.0,categoria
2111,358,,control_inicio
2112,358,,control_fin
2113,358,15.0,categoria
2114,358,10.0,categoria
2115,358,13.0,categoria
2116,358,2.0,categoria
2117,359,,control_inicio
2118,359,,control_fin
2119,359,9.0,categoria
2120,359,5.0,categoria
2121,359,15.0,categoria
2122,359,12.0,categoria
2123,360,,control_inicio
2124,360,,control_fin
2125,360,3.0,categoria
2126,360,1.0,categoria
2127,361,,control_inicio
2128,361,,control_fin
2129,361,12.0,categoria
2130,361,9.0,categoria
2131,361,15.0,categoria
2132,361,5.0,categoria
2133,362,,control_inicio
2134,362,,control_fin
2135,362,8.0,categoria
2136,362,4.0,categoria
2137,363,,control_inicio
2138,363,,control_fin
2139,363,3.0,categoria
2140,363,9.0,categoria
2141,364,,control_inicio
2142,364,,control_fin
2143,364,6.0,categoria
2144,364,1.0,categoria
2145,365,,control_inicio
2146,365,,control_fin
2147,365,6.0,categoria
2148,365,3.0,categoria
2149,365,1.0,categoria
2150,366,,control_inicio
2151,366,,control_fin
2152,366,12.0,categoria
2153,366,15.0,categoria
2154,366,9.0,categoria
2155,366,5.0,categoria
2156,367,,control_inicio
2157,367,,control_fin
2158,367,9.0,categoria
2159,367,11.0,categoria
2160,367,7.0,categoria
2161,367,2.0,categoria
2162,367,13.0,categoria
2163,368,,control_inicio
2164,368,,control_fin
2165,368,14.0,categoria
2166,368,4.0,categoria
2167,369,,control_inicio
2168,369,,control_fin
2169,370,,control_inicio
2170,370,,control_fin
2171,370,9.0,categoria
2172,370,15.0,categoria
2173,370,5.0,categoria
2174,370,12.0,categoria
2175,371,,control_inicio
2176,371,,control_fin
2177,371,9.0,categoria
2178,372,,control_inicio
2179,372,,control_fin
2180,372,14.0,categoria
2181,372,6.0,categoria
2182,372,5.0,categoria
2183,372,3.0,categoria
2184,372,4.0,categoria
2185,372,13.0,categoria
2186,372,12.0,categoria
2187,373,,control_inicio
2188,373,,control_fin
2189,373,11.0,categoria
2190,373,14.0,categoria
2191,373,10.0,categoria
2192,373,13.0,categoria
2193,373,15.0,categoria
2194,373,8.0,categoria
2195,374,,control_inicio
2196,374,,control_fin
2197,374,3.0,categoria
2198,374,4.0,categoria
2199,374,15.0,categoria
2200,374,13.0,categoria
2201,374,1.0,categoria
2202,374,7.0,categoria
2203,374,9.0,categoria
2204,375,,control_inicio
2205,375,,control_fin
2206,375,11.0,categoria
2207,375,12.0,categoria
2208,376,,control_inicio
2209,376,,control_fin
2210,376,11.0,categoria
2211,376,6.0,categoria
2212,376,4.0,categoria
2213,376,14.0,categoria
2214,376,1.0,categoria
2215,376,3.0,categoria
2216,377,,control_inicio
2217,377,,control_fin
2218,377,1.0,categoria
2219,377,6.0,categoria
2220,377,3.0,categoria
2221,377,11.0,categoria
2222,377,4.0,categoria
2223,377,14.0,categoria
2224,378,,control_inicio
2225,378,,control_fin
2226,378,9.0,categoria
2227,378,1.0,categoria
2228,378,3.0,categoria
2229,378,12.0,categoria
2230,379,,control_inicio
2231,379,,control_fin
2232,379,9.0,categoria
2233,379,1.0,categoria
2234,379,5.0,categoria
2235,380,,control_inicio
2236,380,,control_fin
2237,380,8.0,categoria
2238,380,11.0,categoria
2239,380,12.0,categoria
2240,380,7.0,categoria
2241,380,10.0,categoria
2242,381,,control_inicio
2243,381,,control_fin
2244,381,1.0,categoria
2245,381,3.0,categoria
2246,381,9.0,categoria
2247,381,12.0,categoria
2248,382,,control_inicio
2249,382,,control_fin
2250,382,9.0,categoria
2251,382,15.0,categoria
2252,382,5.0,categoria
2253,382,12.0,categoria
2254,383,,control_inicio
2255,383,,control_fin
2256,383,1.0,categoria
2257,383,6.0,categoria
2258,384,,control_inicio
2259,384,,control_fin
2260,384,12.0,categoria
2261,384,9.0,categoria
2262,384,10.0,categoria
2263,385,,control_inicio
2264,385,,control_fin
2265,385,5.0,categoria
2266,385,6.0,categoria
2267,385,3.0,categoria
2268,385,4.0,categoria
2269,385,14.0,categoria
2270,385,12.0,categoria
2271,385,13.0,categoria
2272,386,,control_inicio
2273,386,,control_fin
2274,386,4.0,categoria
2275,386,15.0,categoria
2276,387,,control_inicio
2277,387,,control_fin
2278,387,11.0,categoria
2279,387,12.0,categoria
2280,388,,control_inicio
2281,388,,control_fin
2282,388,13.0,categoria
2283,388,12.0,categoria
2284,388,14.0,categoria
2285,388,6.0,categoria
2286,388,5.0,categoria
2287,388,3.0,categoria
2288,388,4.0,categoria
2289,389,,control_inicio
2290,389,,control_fin
2291,389,10.0,categoria
2292,389,13.0,categoria
2293,389,2.0,categoria
2294,389,15.0,categoria
2295,390,,control_inicio
2296,390,,control_fin
2297,390,14.0,categoria
2298,390,11.0,categoria
2299,390,15.0,categoria
2300,390,8.0,categoria
2301,390,10.0,categoria
2302,390,13.0,categoria
2303,391,,control_inicio
2304,391,,control_fin
2305,391,9.0,categoria
2306,391,3.0,categoria
2307,392,,control_inicio
2308,392,,control_fin
2309,392,3.0,categoria
2310,392,4.0,categoria
2311,392,6.0,categoria
2312,392,11.0,categoria
2313,392,14.0,categoria
2314,392,1.0,categoria
2315,393,,control_inicio
2316,393,,control_fin
2317,393,7.0,categoria
2318,393,1.0,categoria
2319,393,8.0,categoria
2320,393,6.0,categoria
2321,393,5.0,categoria
2322,393,15.0,categoria
2323,394,,control_inicio
2324,394,,control_fin
2325,394,15.0,categoria
2326,395,,control_inicio
2327,395,,control_fin
2328,395,6.0,categoria
2329,395,1.0,categoria
2330,395,3.0,categoria
2331,395,14.0,categoria
2332,395,11.0,categoria
2333,395,4.0,categoria
2334,396,,control_inicio
2335,396,,control_fin
2336,396,9.0,categoria
2337,396,5.0,categoria
2338,396,15.0,categoria
2339,396,12.0,categoria
2340,397,,control_inicio
2341,397,,control_fin
2342,397,4.0,categoria
2343,397,8.0,categoria
2344,398,,control_inicio
2345,398,,control_fin
2346,399,,control_inicio
2347,399,,control_fin
2348,399,7.0,categoria
2349,399,1.0,categoria
2350,399,15.0,categoria
2351,399,9.0,categoria
2352,399,4.0,categoria
2353,399,13.0,categoria
2354,399,3.0,categoria
2355,400,,control_inicio
2356,400,,control_fin
2357,400,1.0,categoria
2358,400,9.0,categoria
2359,400,3.0,categoria
2360,400,13.0,categoria
2361,400,15.0,categoria
2362,400,7.0,categoria
2363,400,4.0,categoria
2364,401,,control_inicio
2365,401,,control_fin
2366,401,4.0,categoria
2367,401,8.0,categoria
2368,402,,control_inicio
2369,402,,control_fin
2370,402,13.0,categoria
2371,402,12.0,categoria
2372,402,6.0,categoria
2373,402,10.0,categoria
2374,403,,control_inicio
2375,403,,control_fin
2376,403,11.0,categoria
2377,403,9.0,categoria
2378,403,2.0,categoria
2379,403,13.0,categoria
2380,403,7.0,categoria
2381,404,,control_inicio
2382,404,,control_fin
2383,404,2.0,categoria
2384,404,10.0,categoria
2385,404,15.0,categoria
2386,404,13.0,categoria
2387,405,,control_inicio
2388,405,,control_fin
2389,405,6.0,categoria
2390,405,3.0,categoria
2391,405,4.0,categoria
2392,405,14.0,categoria
2393,405,5.0,categoria
2394,405,13.0,categoria
2395,405,12.0,categoria
2396,406,,control_inicio
2397,406,,control_fin
2398,406,7.0,categoria
2399,406,11.0,categoria
2400,406,10.0,categoria
2401,406,12.0,categoria
2402,406,8.0,categoria
2403,407,,control_inicio
2404,407,,control_fin
2405,407,1.0,categoria
2406,407,13.0,categoria
2407,407,9.0,categoria
2408,407,7.0,categoria
2409,407,15.0,categoria
2410,407,3.0,categoria
2411,407,4.0,categoria
2412,408,,control_inicio
2413,408,,control_fin
2414,408,3.0,categoria
2415,408,11.0,categoria
2416,408,12.0,categoria
2417,408,7.0,categoria
2418,409,,control_inicio
2419,409,,control_fin
2420,409,1.0,categoria
2421,409,6.0,categoria
2422,409,11.0,categoria
2423,409,14.0,categoria
2424,409,3.0,categoria
2425,409,4.0,categoria
2426,410,,control_inicio
2427,410,,control_fin
2428,410,5.0,categoria
2429,410,6.0,categoria
2430,410,4.0,categoria
2431,410,15.0,categoria
2432,410,8.0,categoria
2433,411,,control_inicio
2434,411,,control_fin
2435,411,9.0,categoria
2436,411,3.0,categoria
2437,411,1.0,categoria
2438,411,12.0,categoria
2439,412,,control_inicio
2440,412,,control_fin
2441,412,9.0,categoria
2442,412,3.0,categoria
2443,413,,control_inicio
2444,413,,control_fin
2445,413,12.0,categoria
2446,413,6.0,categoria
2447,413,13.0,categoria
2448,413,3.0,categoria
2449,413,5.0,categoria
2450,413,10.0,categoria
2451,413,14.0,categoria
2452,414,,control_inicio
2453,414,,control_fin
2454,414,11.0,categoria
2455,414,7.0,categoria
2456,414,3.0,categoria
2457,414,12.0,categoria
2458,415,,control_inicio
2459,415,,control_fin
2460,415,11.0,categoria
2461,415,12.0,categoria
2462,416,,control_inicio
2463,416,,control_fin
2464,416,12.0,categoria
2465,416,11.0,categoria
2466,417,,control_inicio
2467,417,,control_fin
2468,417,6.0,categoria
2469,417,13.0,categoria
2470,418,,control_inicio
2471,418,,control_fin
2472,418,12.0,categoria
2473,418,9.0,categoria
2474,418,10.0,categoria
2475,419,,control_inicio
2476,419,,control_fin
2477,419,9.0,categoria
2478,419,5.0,categoria
2479,419,1.0,categoria
2480,420,,control_inicio
2481,420,,control_fin
2482,420,14.0,categoria
2483,420,4.0,categoria
2484,421,,control_inicio
2485,421,,control_fin
2486,421,4.0,categoria
2487,421,14.0,categoria
2488,422,,control_inicio
2489,422,,control_fin
2490,422,10.0,categoria
2491,422,14.0,categoria
2492,422,3.0,categoria
2493,422,13.0,categoria
2494,422,12.0,categoria
2495,422,5.0,categoria
2496,422,6.0,categoria
2497,423,,control_inicio
2498,423,,control_fin
2499,423,8.0,categoria
2500,423,4.0,categoria
2501,424,,control_inicio
2502,424,,control_fin
2503,424,11.0,categoria
2504,424,9.0,categoria
2505,425,,control_inicio
2506,425,,control_fin
2507,425,10.0,categoria
2508,425,11.0,categoria
2509,425,2.0,categoria
2510,426,,control_inicio
2511,426,,control_fin
2512,426,9.0,categoria
2513,426,5.0,categoria
2514,426,12.0,categoria
2515,426,15.0,categoria
2516,427,,control_inicio
2517,427,,control_fin
2518,428,,control_inicio
2519,428,,control_fin
2520,428,12.0,categoria
2521,428,3.0,categoria
2522,428,1.0,categoria
2523,428,9.0,categoria
2524,429,,control_inicio
2525,429,,control_fin
2526,429,1.0,categoria
2527,429,6.0,categoria
2528,430,,control_inicio
2529,430,,control_fin
2530,430,12.0,categoria
2531,430,5.0,categoria
2532,430,3.0,categoria
2533,430,6.0,categoria
2534,431,,control_inicio
2535,431,,control_fin
2536,431,10.0,categoria
2537,431,14.0,categoria
2538,431,15.0,categoria
2539,431,13.0,categoria
2540,431,11.0,categoria
2541,431,8.0,categoria
2542,432,,control_inicio
2543,432,,control_fin
2544,432,4.0,categoria
2545,433,,control_inicio
2546,433,,control_fin
2547,433,7.0,categoria
2548,433,5.0,categoria
2549,433,1.0,categoria
2550,433,8.0,categoria
2551,434,,control_inicio
2552,434,,control_fin
2553,434,3.0,categoria
2554,434,9.0,categoria
2555,435,,control_inicio
2556,435,,control_fin
2557,435,1.0,categoria
2558,435,9.0,categoria
2559,435,5.0,categoria
2560,436,,control_inicio
2561,436,,control_fin
2562,436,9.0,categoria
2563,436,3.0,categoria
2564,437,,control_inicio
2565,437,,control_fin
2566,437,11.0,categoria
2567,437,12.0,categoria
2568,437,3.0,categoria
2569,437,7.0,categoria
2570,438,,control_inicio
2571,438,,control_fin
2572,438,12.0,categoria
2573,438,11.0,categoria
2574,438,3.0,categoria
2575,438,7.0,categoria
2576,439,,control_inicio
2577,439,,control_fin
2578,439,5.0,categoria
2579,439,6.0,categoria
2580,439,3.0,categoria
2581,439,12.0,categoria
2582,440,,control_inicio
2583,440,,control_fin
2584,440,10.0,categoria
2585,440,13.0,categoria
2586,440,2.0,categoria
2587,440,15.0,categoria
2588,441,,control_inicio
2589,441,,control_fin
2590,441,4.0,categoria
2591,441,15.0,categoria
2592,442,,control_inicio
2593,442,,control_fin
2594,442,6.0,categoria
2595,442,1.0,categoria
2596,443,,control_inicio
2597,443,,control_fin
2598,443,11.0,categoria
2599,443,8.0,categoria
2600,443,7.0,categoria
2601,443,12.0,categoria
2602,444,,control_inicio
2603,444,,control_fin
2604,444,11.0,categoria
2605,444,12.0,categoria
2606,444,7.0,categoria
2607,444,10.0,categoria
2608,444,8.0,categoria
2609,445,,control_inicio
2610,445,,control_fin
2611,445,11.0,categoria
2612,445,12.0,categoria
2613,446,,control_inicio
2614,446,,control_fin
2615,446,6.0,categoria
2616,446,1.0,categoria
2617,447,,control_inicio
2618,447,,control_fin
2619,447,4.0,categoria
2620,447,8.0,categoria
2621,448,,control_inicio
2622,448,,control_fin
2623,448,11.0,categoria
2624,448,7.0,categoria
2625,448,3.0,categoria
2626,448,12.0,categoria
2627,449,,control_inicio
2628,449,,control_fin
2629,449,11.0,categoria
2630,449,2.0,categoria
2631,449,10.0,categoria
2632,450,,control_inicio
2633,450,,control_fin
2634,450,4.0,categoria
2635,450,15.0,categoria
2636,451,,control_inicio
2637,451,,control_fin
2638,451,3.0,categoria
2639,451,14.0,categoria
2640,451,13.0,categoria
2641,451,4.0,categoria
2642,452,,control_inicio
2643,452,,control_fin
2644,452,5.0,categoria
2645,453,,control_inicio
2646,453,,control_fin
2647,453,4.0,categoria
2648,453,3.0,categoria
2649,453,14.0,categoria
2650,453,11.0,categoria
2651,453,1.0,categoria
2652,453,6.0,categoria
2653,454,,control_inicio
2654,454,,control_fin
2655,454,9.0,categoria
2656,454,4.0,categoria
2657,454,1.0,categoria
2658,454,3.0,categoria
2659,454,7.0,categoria
2660,454,15.0,categoria
2661,454,13.0,categoria
2662,455,,control_inicio
2663,455,,control_fin
2664,455,8.0,categoria
2665,455,14.0,categoria
2666,455,10.0,categoria
2667,455,15.0,categoria
2668,455,13.0,categoria
2669,455,11.0,categoria
2670,456,,control_inicio
2671,456,,control_fin
2672,456,11.0,categoria
2673,456,5.0,categoria
2674,456,3.0,categoria
2675,456,10.0,categoria
2676,456,9.0,categoria
2677,456,15.0,categoria
2678,457,,control_inicio
2679,457,,control_fin
2680,457,9.0,categoria
2681,457,5.0,categoria
2682,457,1.0,categoria
2683,458,,control_inicio
2684,458,,control_fin
2685,458,15.0,categoria
2686,458,5.0,categoria
2687,458,6.0,categoria
2688,458,8.0,categoria
2689,458,4.0,categoria
2690,459,,control_inicio
2691,459,,control_fin
2692,459,9.0,categoria
2693,459,3.0,categoria
2694,460,,control_inicio
2695,460,,control_fin
2696,460,6.0,categoria
2697,460,13.0,categoria
2698,460,12.0,categoria
2699,460,10.0,categoria
2700,461,,control_inicio
2701,461,,control_fin
2702,461,2.0,categoria
2703,461,5.0,categoria
2704,462,,control_inicio
2705,462,,control_fin
2706,462,11.0,categoria
2707,462,15.0,categoria
2708,462,10.0,categoria
2709,462,8.0,categoria
2710,462,13.0,categoria
2711,462,14.0,categoria
2712,463,,control_inicio
2713,463,,control_fin
2714,463,4.0,categoria
2715,463,8.0,categoria
2716,464,,control_inicio
2717,464,,control_fin
2718,464,10.0,categoria
2719,464,9.0,categoria
2720,464,12.0,categoria
2721,465,,control_inicio
2722,465,,control_fin
2723,465,3.0,categoria
2724,465,4.0,categoria
2725,465,14.0,categoria
2726,465,13.0,categoria
2727,466,,control_inicio
2728,466,,control_fin
2729,466,4.0,categoria
2730,466,8.0,categoria
2731,466,15.0,categoria
2732,466,5.0,categoria
2733,466,6.0,categoria
2734,467,,control_inicio
2735,467,,control_fin
2736,467,14.0,categoria
2737,467,4.0,categoria
2738,468,,control_inicio
2739,468,,control_fin
2740,468,6.0,categoria
2741,468,8.0,categoria
2742,468,15.0,categoria
2743,468,5.0,categoria
2744,468,4.0,categoria
2745,469,,control_inicio
2746,469,,control_fin
2747,469,3.0,categoria
2748,470,,control_inicio
2749,470,,control_fin
2750,470,9.0,categoria
2751,470,11.0,categoria
2752,471,,control_inicio
2753,471,,control_fin
2754,471,6.0,categoria
2755,471,12.0,categoria
2756,471,14.0,categoria
2757,472,,control_inicio
2758,472,,control_fin
2759,472,10.0,categoria
2760,472,2.0,categoria
2761,472,11.0,categoria
2762,473,,control_inicio
2763,473,,control_fin
2764,473,7.0,categoria
2765,473,2.0,categoria
2766,473,9.0,categoria
2767,473,11.0,categoria
2768,473,13.0,categoria
2769,474,,control_inicio
2770,474,,control_fin
2771,474,5.0,categoria
2772,474,12.0,categoria
2773,474,9.0,categoria
2774,474,15.0,categoria
2775,475,,control_inicio
2776,475,,control_fin
2777,475,9.0,categoria
2778,475,11.0,categoria
2779,476,,control_inicio
2780,476,,control_fin
2781,476,5.0,categoria
2782,476,6.0,categoria
2783,476,12.0,categoria
2784,476,3.0,categoria
2785,477,,control_inicio
2786,477,,control_fin
2787,477,3.0,categoria
2788,477,1.0,categoria
2789,477,9.0,categoria
2790,477,12.0,categoria
2791,478,,control_inicio
2792,478,,control_fin
2793,478,5.0,categoria
2794,478,15.0,categoria
2795,478,8.0,categoria
2796,478,4.0,categoria
2797,478,6.0,categoria
2798,479,,control_inicio
2799,479,,control_fin
2800,479,14.0,categoria
2801,479,4.0,categoria
2802,480,,control_inicio
2803,480,,control_fin
2804,480,12.0,categoria
2805,480,11.0,categoria
2806,481,,control_inicio
2807,481,,control_fin
2808,481,3.0,categoria
2809,481,10.0,categoria
2810,481,6.0,categoria
2811,481,14.0,categoria
2812,481,5.0,categoria
2813,481,13.0,categoria
2814,481,12.0,categoria
2815,482,,control_inicio
2816,482,,control_fin
2817,482,6.0,categoria
2818,482,13.0,categoria
2819,482,5.0,categoria
2820,482,3.0,categoria
2821,482,10.0,categoria
2822,482,12.0,categoria
2823,482,14.0,categoria
2824,483,,control_inicio
2825,483,,control_fin
2826,483,12.0,categoria
2827,483,5.0,categoria
2828,483,4.0,categoria
2829,483,13.0,categoria
2830,484,,control_inicio
2831,484,,control_fin
2832,484,13.0,categoria
2833,484,10.0,categoria
2834,484,2.0,categoria
2835,484,15.0,categoria
2836,485,,control_inicio
2837,485,,control_fin
2838,485,3.0,categoria
2839,485,4.0,categoria
2840,485,13.0,categoria
2841,485,14.0,categoria
2842,486,,control_inicio
2843,486,,control_fin
2844,486,9.0,categoria
2845,486,11.0,categoria
2846,487,,control_inicio
2847,487,,control_fin
2848,487,9.0,categoria
2849,487,11.0,categoria
2850,488,,control_inicio
2851,488,,control_fin
2852,488,14.0,categoria
2853,488,4.0,categoria
2854,488,13.0,categoria
2855,488,3.0,categoria
2856,489,,control_inicio
2857,489,,control_fin
2858,489,15.0,categoria
2859,490,,control_inicio
2860,490,,control_fin
2861,490,11.0,categoria
2862,490,2.0,categoria
2863,490,10.0,categoria
2864,491,,control_inicio
2865,491,,control_fin
2866,491,8.0,categoria
2867,491,15.0,categoria
2868,491,14.0,categoria
2869,491,11.0,categoria
2870,491,13.0,categoria
2871,491,10.0,categoria
2872,492,,control_inicio
2873,492,,control_fin
2874,492,9.0,categoria
2875,492,11.0,categoria
2876,493,,control_inicio
2877,493,,control_fin
2878,493,3.0,categoria
2879,493,9.0,categoria
2880,494,,control_inicio
2881,494,,control_fin
2882,494,14.0,categoria
2883,494,13.0,categoria
2884,494,6.0,categoria
2885,494,3.0,categoria
2886,494,12.0,categoria
2887,494,5.0,categoria
2888,494,4.0,categoria
2889,495,,control_inicio
2890,495,,control_fin
2891,495,5.0,categoria
2892,495,3.0,categoria
2893,495,12.0,categoria
2894,495,6.0,categoria
2895,496,,control_inicio
2896,496,,control_fin
2897,496,10.0,categoria
2898,496,6.0,categoria
2899,496,13.0,categoria
2900,496,12.0,categoria
2901,497,,control_inicio
2902,497,,control_fin
2903,497,14.0,categoria
2904,497,8.0,categoria
2905,497,15.0,categoria
2906,497,10.0,categoria
2907,497,13.0,categoria
2908,497,11.0,categoria
2909,498,,control_inicio
2910,498,,control_fin
2911,498,4.0,categoria
2912,498,3.0,categoria
2913,498,13.0,categoria
2914,498,14.0,categoria
2915,499,,control_inicio
2916,499,,control_fin
2917,499,11.0,categoria
2918,499,9.0,categoria
2919,500,,control_inicio
2920,500,,control_fin
2921,500,10.0,categoria
2922,500,11.0,categoria
2923,500,8.0,categoria
2924,500,13.0,categoria
2925,500,14.0,categoria
2926,500,15.0,categoria
